{"cameraMode":{"drawMode":0,"name":"Shaded","section":"Shading Mode"},"sceneLighting":true,"audioPlay":false,"sceneViewState":{"showFog":true,"showMaterialUpdate":false,"showSkybox":true,"showFlares":true,"showImageEffects":true,"showParticleSystems":true},"in2DMode":false,"pivot":{"x":-2.5924081802368166,"y":4.040907859802246,"z":-13.04173469543457},"rotation":{"x":0.17244328558444978,"y":0.42033156752586367,"z":-0.08171022683382034,"w":0.887078583240509},"size":22.0,"orthographic":false}